Entity,URL,Sayfa_Frekans,Kaynak_Sayfa_Sayisi,Kaynak_Basliklar,Sayfa_IDleri
Türkiye,https://tr.wikipedia.org/wiki/T%C3%BCrkiye,10,10,Akif Hamzaçebi | 2002 Türkiye genel seçimleri | Trabzon | 2007 Türkiye genel seçimleri | Bakırköy Anadolu Lisesi | Cumhuriyet Halk Partisi | 2011 Türkiye genel seçimleri | Ankara Üniversitesi Siyasal Bilgiler Fakültesi | Gazi Üniversitesi | Araklı,Page_1 | Page_26 | Page_5 | Page_22 | Page_23 | Page_28 | Page_15 | Page_21 | Page_19 | Page_12
AK Parti,https://tr.wikipedia.org/wiki/Adalet_ve_Kalk%C4%B1nma_Partisi,10,10,2002 Türkiye genel seçimleri | Türkiye | Kasım 2015 Türkiye genel seçimleri | Haziran 2015 Türkiye genel seçimleri | Trabzon | 2007 Türkiye genel seçimleri | Cumhuriyet Halk Partisi | 2011 Türkiye genel seçimleri | Araklı | 2018 Türkiye genel seçimleri,Page_26 | Page_7 | Page_10 | Page_24 | Page_5 | Page_22 | Page_28 | Page_15 | Page_12 | Page_16
Cumhuriyet Halk Partisi,https://tr.wikipedia.org/wiki/Cumhuriyet_Halk_Partisi,8,8,Akif Hamzaçebi | 2002 Türkiye genel seçimleri | Türkiye | Haziran 2015 Türkiye genel seçimleri | 2007 Türkiye genel seçimleri | 2011 Türkiye genel seçimleri | Cumhuriyet Halk Partisi genel sekreterleri listesi | 2018 Türkiye genel seçimleri,Page_1 | Page_26 | Page_7 | Page_24 | Page_22 | Page_15 | Page_4 | Page_16
Recep Tayyip Erdoğan,https://tr.wikipedia.org/wiki/Recep_Tayyip_Erdo%C4%9Fan,7,7,2002 Türkiye genel seçimleri | Türkiye | Haziran 2015 Türkiye genel seçimleri | 2007 Türkiye genel seçimleri | Cumhuriyet Halk Partisi | 2011 Türkiye genel seçimleri | 2018 Türkiye genel seçimleri,Page_26 | Page_7 | Page_24 | Page_22 | Page_28 | Page_15 | Page_16
Ankara,https://tr.wikipedia.org/wiki/Ankara,6,6,Türkiye | Cumhuriyet Halk Partisi | Ankara Üniversitesi Siyasal Bilgiler Fakültesi | Gazi Üniversitesi | Türkiye Voleybol Federasyonu | Türk Patent ve Marka Kurumu,Page_7 | Page_28 | Page_21 | Page_19 | Page_6 | Page_11
Adalet ve Kalkınma Partisi,https://tr.wikipedia.org/wiki/Adalet_ve_Kalk%C4%B1nma_Partisi,6,6,2002 Türkiye genel seçimleri | Türkiye | Haziran 2015 Türkiye genel seçimleri | Cumhuriyet Halk Partisi | 2011 Türkiye genel seçimleri | 2018 Türkiye genel seçimleri,Page_26 | Page_7 | Page_24 | Page_28 | Page_15 | Page_16
Milliyetçi Hareket Partisi,https://tr.wikipedia.org/wiki/Milliyet%C3%A7i_Hareket_Partisi,5,5,2002 Türkiye genel seçimleri | Türkiye | Haziran 2015 Türkiye genel seçimleri | 2011 Türkiye genel seçimleri | 2018 Türkiye genel seçimleri,Page_26 | Page_7 | Page_24 | Page_15 | Page_16
Saadet Partisi,https://tr.wikipedia.org/wiki/Saadet_Partisi,5,5,2002 Türkiye genel seçimleri | Haziran 2015 Türkiye genel seçimleri | Cumhuriyet Halk Partisi | 2011 Türkiye genel seçimleri | 2018 Türkiye genel seçimleri,Page_26 | Page_24 | Page_28 | Page_15 | Page_16
Demokratik Sol Parti,https://tr.wikipedia.org/wiki/Demokratik_Sol_Parti,4,4,2002 Türkiye genel seçimleri | Cumhuriyet Halk Partisi | 2007 Türkiye genel seçimleri | Türkiye,Page_26 | Page_28 | Page_22 | Page_7
I. Dünya Savaşı,https://tr.wikipedia.org/wiki/I._D%C3%BCnya_Sava%C5%9F%C4%B1,4,4,Ankara Üniversitesi Siyasal Bilgiler Fakültesi | Araklı | Trabzon | Türkiye,Page_21 | Page_12 | Page_5 | Page_7
Kemal Kılıçdaroğlu,https://tr.wikipedia.org/wiki/Kemal_K%C4%B1l%C4%B1%C3%A7daro%C4%9Flu,4,4,Cumhuriyet Halk Partisi 36. Olağan Kurultayı | Haziran 2015 Türkiye genel seçimleri | 2011 Türkiye genel seçimleri | Cumhuriyet Halk Partisi,Page_8 | Page_24 | Page_15 | Page_28
Devlet Bahçeli,https://tr.wikipedia.org/wiki/Devlet_Bah%C3%A7eli,4,4,Kasım 2015 Türkiye genel seçimleri | Haziran 2015 Türkiye genel seçimleri | 2002 Türkiye genel seçimleri | 2018 Türkiye genel seçimleri,Page_10 | Page_24 | Page_26 | Page_16
Türkçe,https://tr.wikipedia.org/wiki/T%C3%BCrk%C3%A7e,4,4,Bakırköy Anadolu Lisesi | Trabzon | Gazi Üniversitesi | Türkiye,Page_23 | Page_5 | Page_19 | Page_7
Yunanistan,https://tr.wikipedia.org/wiki/Yunanistan,3,3,2002 Türkiye genel seçimleri | Trabzon | Türkiye,Page_26 | Page_5 | Page_7
Mustafa Kemal Atatürk,https://tr.wikipedia.org/wiki/Mustafa_Kemal_Atat%C3%BCrk,3,3,Cumhuriyet Halk Partisi | Gazi Üniversitesi | Türkiye,Page_28 | Page_19 | Page_7
Genç Parti,https://tr.wikipedia.org/wiki/Gen%C3%A7_Parti,3,3,2011 Türkiye genel seçimleri | Haziran 2015 Türkiye genel seçimleri | 2002 Türkiye genel seçimleri,Page_15 | Page_24 | Page_26
Bülent Ecevit,https://tr.wikipedia.org/wiki/B%C3%BClent_Ecevit,3,3,Cumhuriyet Halk Partisi | 2002 Türkiye genel seçimleri | Türkiye,Page_28 | Page_26 | Page_7
İYİ Parti,https://tr.wikipedia.org/wiki/%C4%B0Y%C4%B0_Parti,3,3,Cumhuriyet Halk Partisi | 2018 Türkiye genel seçimleri | Türkiye,Page_28 | Page_16 | Page_7
Osmanlı Devleti,https://tr.wikipedia.org/wiki/Osmanl%C4%B1_%C4%B0mparatorlu%C4%9Fu,3,3,Ankara Üniversitesi Siyasal Bilgiler Fakültesi | Trabzon | Maliye,Page_21 | Page_5 | Page_9
Avrupa,https://tr.wikipedia.org/wiki/Avrupa,3,3,Araklı | Maliye | Türkiye,Page_12 | Page_9 | Page_7
2002,https://tr.wikipedia.org/wiki/2002_T%C3%BCrkiye_genel_se%C3%A7imleri,3,3,Haziran 2015 Türkiye genel seçimleri | Akif Hamzaçebi | Cumhuriyet Halk Partisi,Page_24 | Page_1 | Page_28
Müslüman,https://tr.wikipedia.org/wiki/M%C3%BCsl%C3%BCman,3,3,Trabzon | Maliye | Türkiye,Page_5 | Page_9 | Page_7
Doğru Yol Partisi,https://tr.wikipedia.org/wiki/Do%C4%9Fru_Yol_Partisi,3,3,2002 Türkiye genel seçimleri | 2011 Türkiye genel seçimleri | 2007 Türkiye genel seçimleri,Page_26 | Page_15 | Page_22
Halkların Demokratik Partisi,https://tr.wikipedia.org/wiki/Halklar%C4%B1n_Demokratik_Partisi,3,3,Haziran 2015 Türkiye genel seçimleri | Cumhuriyet Halk Partisi | 2018 Türkiye genel seçimleri,Page_24 | Page_28 | Page_16
Türk lirası,https://tr.wikipedia.org/wiki/T%C3%BCrk_liras%C4%B1,3,3,2002 Türkiye genel seçimleri | Gazi Üniversitesi | Türkiye,Page_26 | Page_19 | Page_7
ekonomik,https://tr.wikipedia.org/wiki/Ekonomi,3,3,Cumhuriyet Halk Partisi | Maliye | Türkiye,Page_28 | Page_9 | Page_7
Bağımsız Türkiye Partisi,https://tr.wikipedia.org/wiki/Ba%C4%9F%C4%B1ms%C4%B1z_T%C3%BCrkiye_Partisi,3,3,2011 Türkiye genel seçimleri | Haziran 2015 Türkiye genel seçimleri | 2018 Türkiye genel seçimleri,Page_15 | Page_24 | Page_16
Emek Partisi,https://tr.wikipedia.org/wiki/Emek_Partisi,3,3,Kasım 2015 Türkiye genel seçimleri | Haziran 2015 Türkiye genel seçimleri | 2002 Türkiye genel seçimleri,Page_10 | Page_24 | Page_26
Anavatan Partisi,https://tr.wikipedia.org/wiki/Anavatan_Partisi,3,3,2002 Türkiye genel seçimleri | 2011 Türkiye genel seçimleri | 2007 Türkiye genel seçimleri,Page_26 | Page_15 | Page_22
Deniz Baykal,https://tr.wikipedia.org/wiki/Deniz_Baykal,3,3,2011 Türkiye genel seçimleri | 2002 Türkiye genel seçimleri | Cumhuriyet Halk Partisi,Page_15 | Page_26 | Page_28
Abdullah Gül,https://tr.wikipedia.org/wiki/Abdullah_G%C3%BCl,3,3,2002 Türkiye genel seçimleri | 2007 Türkiye genel seçimleri | Cumhuriyet Halk Partisi,Page_26 | Page_22 | Page_28
Ermenistan,https://tr.wikipedia.org/wiki/Ermenistan,3,3,2002 Türkiye genel seçimleri | Trabzon | Türkiye,Page_26 | Page_5 | Page_7
MHP,https://tr.wikipedia.org/wiki/Milliyet%C3%A7i_Hareket_Partisi,3,3,2011 Türkiye genel seçimleri | Haziran 2015 Türkiye genel seçimleri | Cumhuriyet Halk Partisi,Page_15 | Page_24 | Page_28
CHP,https://tr.wikipedia.org/wiki/Cumhuriyet_Halk_Partisi,3,3,2011 Türkiye genel seçimleri | Haziran 2015 Türkiye genel seçimleri | 2007 Türkiye genel seçimleri,Page_15 | Page_24 | Page_22
Kafkasya,https://tr.wikipedia.org/wiki/Kafkasya,2,2,Trabzon | Türkiye,Page_5 | Page_7
Fırat,https://tr.wikipedia.org/wiki/F%C4%B1rat,2,2,Trabzon | Türkiye,Page_5 | Page_7
Roma,https://tr.wikipedia.org/wiki/Roma,2,2,Trabzon | Türkiye,Page_5 | Page_7
Pontus Rumcası,https://tr.wikipedia.org/wiki/Pontus_Rumcas%C4%B1,2,2,Trabzon | Türkiye,Page_5 | Page_7
Gazi Üniversitesi,https://tr.wikipedia.org/wiki/Gazi_%C3%9Cniversitesi,2,2,Akif Hamzaçebi | Gazi Üniversitesi Sosyal Bilimler Enstitüsü,Page_1 | Page_14
Trabzon,https://tr.wikipedia.org/wiki/Trabzon,2,2,Araklı | Akif Hamzaçebi,Page_12 | Page_1
Medler,https://tr.wikipedia.org/wiki/Medler,2,2,Araklı | Türkiye,Page_12 | Page_7
NATO,https://tr.wikipedia.org/wiki/NATO,2,2,Cumhuriyet Halk Partisi | Türkiye,Page_28 | Page_7
Konya,https://tr.wikipedia.org/wiki/Konya,2,2,Gazi Üniversitesi | Türkiye,Page_19 | Page_7
Türkiye Büyük Millet Meclisi,https://tr.wikipedia.org/wiki/T%C3%BCrkiye_B%C3%BCy%C3%BCk_Millet_Meclisi,2,2,Cumhuriyet Halk Partisi | Türkiye,Page_28 | Page_7
İstanbul,https://tr.wikipedia.org/wiki/%C4%B0stanbul,2,2,Ankara Üniversitesi Siyasal Bilgiler Fakültesi | Türkiye,Page_21 | Page_7
Sürmene,https://tr.wikipedia.org/wiki/S%C3%BCrmene,2,2,Araklı | Trabzon,Page_12 | Page_5
Soğuk Savaş,https://tr.wikipedia.org/wiki/So%C4%9Fuk_Sava%C5%9F,2,2,Trabzon | Türkiye,Page_5 | Page_7
Suriye,https://tr.wikipedia.org/wiki/Suriye,2,2,Cumhuriyet Halk Partisi | Türkiye,Page_28 | Page_7
Rum,https://tr.wikipedia.org/wiki/Rum,2,2,Trabzon | Türkiye,Page_5 | Page_7
İran,https://tr.wikipedia.org/wiki/%C4%B0ran,2,2,Trabzon | Türkiye,Page_5 | Page_7
Konstantinopolis,https://tr.wikipedia.org/wiki/Konstantinopolis,2,2,Trabzon | Türkiye,Page_5 | Page_7
Rumlar,https://tr.wikipedia.org/wiki/Rum,2,2,Trabzon | Türkiye,Page_5 | Page_7
Hristiyan,https://tr.wikipedia.org/wiki/Hristiyanl%C4%B1k,2,2,Trabzon | Türkiye,Page_5 | Page_7
ticaret,https://tr.wikipedia.org/wiki/Ticaret,2,2,Trabzon | Ekonomist,Page_5 | Page_25
Mondros Mütarekesi,https://tr.wikipedia.org/wiki/Mondros_M%C3%BCtarekesi,2,2,Trabzon | Türkiye,Page_5 | Page_7
Sivas Kongresi,https://tr.wikipedia.org/wiki/Sivas_Kongresi,2,2,Trabzon | Cumhuriyet Halk Partisi,Page_5 | Page_28
Trabzon İmparatorluğu,https://tr.wikipedia.org/wiki/Trabzon_%C4%B0mparatorlu%C4%9Fu,2,2,Araklı | Trabzon,Page_12 | Page_5
Anadolu,https://tr.wikipedia.org/wiki/Anadolu,2,2,Trabzon | Türkiye,Page_5 | Page_7
Roma İmparatorluğu,https://tr.wikipedia.org/wiki/Roma_%C4%B0mparatorlu%C4%9Fu,2,2,Trabzon | Türkiye,Page_5 | Page_7
Bizans,https://tr.wikipedia.org/wiki/Bizans_%C4%B0mparatorlu%C4%9Fu,2,2,Trabzon | Türkiye,Page_5 | Page_7
Sosyaldemokrat Halkçı Parti,https://tr.wikipedia.org/wiki/Sosyaldemokrat_Halk%C3%A7%C4%B1_Parti,2,2,Cumhuriyet Halk Partisi | Türkiye,Page_28 | Page_7
milletvekili,https://tr.wikipedia.org/wiki/Milletvekili,2,2,Haziran 2015 Türkiye genel seçimleri | Türkiye,Page_24 | Page_7
Tansu Çiller,https://tr.wikipedia.org/wiki/Tansu_%C3%87iller,2,2,2002 Türkiye genel seçimleri | Türkiye,Page_26 | Page_7
PKK,https://tr.wikipedia.org/wiki/PKK,2,2,2011 Türkiye genel seçimleri | Türkiye,Page_15 | Page_7
Amerika Birleşik Devletleri,https://tr.wikipedia.org/wiki/Amerika_Birle%C5%9Fik_Devletleri,2,2,Cumhuriyet Halk Partisi | Türkiye,Page_28 | Page_7
II. Dünya Savaşı,https://tr.wikipedia.org/wiki/II._D%C3%BCnya_Sava%C5%9F%C4%B1,2,2,Cumhuriyet Halk Partisi | Türkiye,Page_28 | Page_7
cumhurbaşkanı,https://tr.wikipedia.org/wiki/T%C3%BCrkiye_cumhurba%C5%9Fkan%C4%B1,2,2,Cumhuriyet Halk Partisi | Türkiye,Page_28 | Page_7
Kimmerler,https://tr.wikipedia.org/wiki/Kimmerler,2,2,Araklı | Türkiye,Page_12 | Page_7
cumhuriyet ilan edildi,https://tr.wikipedia.org/wiki/T%C3%BCrkiye%27de_cumhuriyetin_ilan%C4%B1,2,2,Cumhuriyet Halk Partisi | Türkiye,Page_28 | Page_7
milliyetçilik,https://tr.wikipedia.org/wiki/Milliyet%C3%A7ilik,2,2,Cumhuriyet Halk Partisi | Türkiye,Page_28 | Page_7
Türk Kurtuluş Savaşı,https://tr.wikipedia.org/wiki/T%C3%BCrk_Kurtulu%C5%9F_Sava%C5%9F%C4%B1,2,2,Cumhuriyet Halk Partisi | Türkiye,Page_28 | Page_7
Lozan Antlaşması,https://tr.wikipedia.org/wiki/Lozan_Antla%C5%9Fmas%C4%B1,2,2,Cumhuriyet Halk Partisi | Türkiye,Page_28 | Page_7
İzmir,https://tr.wikipedia.org/wiki/%C4%B0zmir,2,2,Cumhuriyet Halk Partisi 36. Olağan Kurultayı | 2018 Türkiye genel seçimleri,Page_8 | Page_16
Muharrem İnce,https://tr.wikipedia.org/wiki/Muharrem_%C4%B0nce,2,2,Cumhuriyet Halk Partisi 36. Olağan Kurultayı | Cumhuriyet Halk Partisi,Page_8 | Page_28
TSİ,https://tr.wikipedia.org/wiki/T%C3%BCrkiye_Saati,2,2,Araklı | Türkiye,Page_12 | Page_7
Cevdet Yılmaz,https://tr.wikipedia.org/wiki/Cevdet_Y%C4%B1lmaz,2,2,Haziran 2015 Türkiye genel seçimleri | Türkiye,Page_24 | Page_7
bankacılık,https://tr.wikipedia.org/wiki/Banka,2,2,Ekonomist | Türkiye,Page_25 | Page_7
Kemal Derviş,https://tr.wikipedia.org/wiki/Kemal_Dervi%C5%9F,2,2,2002 Türkiye genel seçimleri | Türkiye,Page_26 | Page_7
Numan Kurtulmuş,https://tr.wikipedia.org/wiki/Numan_Kurtulmu%C5%9F,2,2,Haziran 2015 Türkiye genel seçimleri | Türkiye,Page_24 | Page_7
Yalova,https://tr.wikipedia.org/wiki/Yalova,2,2,Cumhuriyet Halk Partisi 36. Olağan Kurultayı | Türkiye,Page_8 | Page_7
Kemalizm,https://tr.wikipedia.org/wiki/Kemalizm,2,2,Cumhuriyet Halk Partisi | Türkiye,Page_28 | Page_7
Özgür Özel,https://tr.wikipedia.org/wiki/%C3%96zg%C3%BCr_%C3%96zel,2,2,Cumhuriyet Halk Partisi | Türkiye,Page_28 | Page_7
laiklik,https://tr.wikipedia.org/wiki/Laiklik,2,2,Cumhuriyet Halk Partisi | Türkiye,Page_28 | Page_7
Süleyman Demirel,https://tr.wikipedia.org/wiki/S%C3%BCleyman_Demirel,2,2,Cumhuriyet Halk Partisi | Türkiye,Page_28 | Page_7
Merkez Parti,https://tr.wikipedia.org/wiki/Merkez_Parti,2,2,Kasım 2015 Türkiye genel seçimleri | Haziran 2015 Türkiye genel seçimleri,Page_10 | Page_24
25. dönem TBMM,https://tr.wikipedia.org/wiki/TBMM_25._d%C3%B6nem_milletvekilleri_listesi,2,2,Kasım 2015 Türkiye genel seçimleri | Haziran 2015 Türkiye genel seçimleri,Page_10 | Page_24
Ahmet Davutoğlu,https://tr.wikipedia.org/wiki/Ahmet_Davuto%C4%9Flu,2,2,Kasım 2015 Türkiye genel seçimleri | Haziran 2015 Türkiye genel seçimleri,Page_10 | Page_24
Toplumsal Uzlaşma Reform ve Kalkınma Partisi,https://tr.wikipedia.org/wiki/Toplumsal_Uzla%C5%9Fma_Reform_ve_Kalk%C4%B1nma_Partisi,2,2,Kasım 2015 Türkiye genel seçimleri | Haziran 2015 Türkiye genel seçimleri,Page_10 | Page_24
Büyük Birlik Partisi,https://tr.wikipedia.org/wiki/B%C3%BCy%C3%BCk_Birlik_Partisi,2,2,Haziran 2015 Türkiye genel seçimleri | 2018 Türkiye genel seçimleri,Page_24 | Page_16
Halkın Yükselişi Partisi,https://tr.wikipedia.org/wiki/Halk%C4%B1n_Y%C3%BCkseli%C5%9Fi_Partisi,2,2,2011 Türkiye genel seçimleri | Haziran 2015 Türkiye genel seçimleri,Page_15 | Page_24
TBMM,https://tr.wikipedia.org/wiki/T%C3%BCrkiye_B%C3%BCy%C3%BCk_Millet_Meclisi,2,2,2002 Türkiye genel seçimleri | 2018 Türkiye genel seçimleri,Page_26 | Page_16
Millet İttifakı,https://tr.wikipedia.org/wiki/Millet_%C4%B0ttifak%C4%B1,2,2,Cumhuriyet Halk Partisi | 2018 Türkiye genel seçimleri,Page_28 | Page_16
Çankaya,https://tr.wikipedia.org/wiki/%C3%87ankaya,2,2,Gazi Üniversitesi | Cumhuriyet Halk Partisi,Page_19 | Page_28
Ahmet Necdet Sezer,https://tr.wikipedia.org/wiki/Ahmet_Necdet_Sezer,2,2,2002 Türkiye genel seçimleri | 2007 Türkiye genel seçimleri,Page_26 | Page_22
AK Partili,https://tr.wikipedia.org/wiki/Adalet_ve_Kalk%C4%B1nma_Partisi,2,2,2007 Türkiye genel seçimleri | Cumhuriyet Halk Partisi,Page_22 | Page_28
E-muhtıra,https://tr.wikipedia.org/wiki/E-muht%C4%B1ra,2,2,2007 Türkiye genel seçimleri | Cumhuriyet Halk Partisi,Page_22 | Page_28
halk oylamasında,https://tr.wikipedia.org/wiki/2007_T%C3%BCrkiye_anayasa_de%C4%9Fi%C5%9Fikli%C4%9Fi_referandumu,2,2,2007 Türkiye genel seçimleri | Cumhuriyet Halk Partisi,Page_22 | Page_28
28 Ağustos 2007 tarihinde,https://tr.wikipedia.org/wiki/2007_T%C3%BCrkiye_cumhurba%C5%9Fkanl%C4%B1%C4%9F%C4%B1_se%C3%A7imi,2,2,2007 Türkiye genel seçimleri | Cumhuriyet Halk Partisi,Page_22 | Page_28
Genelkurmay Başkanı,https://tr.wikipedia.org/wiki/T%C3%BCrk_Silahl%C4%B1_Kuvvetleri_genelkurmay_ba%C5%9Fkanlar%C4%B1_listesi,2,2,2007 Türkiye genel seçimleri | Cumhuriyet Halk Partisi,Page_22 | Page_28
Yaşar Büyükanıt,https://tr.wikipedia.org/wiki/Ya%C5%9Far_B%C3%BCy%C3%BCkan%C4%B1t,2,2,2007 Türkiye genel seçimleri | Cumhuriyet Halk Partisi,Page_22 | Page_28
Selin Sayek Böke,https://tr.wikipedia.org/wiki/Selin_Sayek_B%C3%B6ke,2,2,Haziran 2015 Türkiye genel seçimleri | Cumhuriyet Halk Partisi,Page_24 | Page_28
Necmettin Erbakan,https://tr.wikipedia.org/wiki/Necmettin_Erbakan,2,2,2002 Türkiye genel seçimleri | Cumhuriyet Halk Partisi,Page_26 | Page_28
28 Şubat Süreci,https://tr.wikipedia.org/wiki/28_%C5%9Eubat_S%C3%BCreci,2,2,2002 Türkiye genel seçimleri | Cumhuriyet Halk Partisi,Page_26 | Page_28
Mesut Yılmaz,https://tr.wikipedia.org/wiki/Mesut_Y%C4%B1lmaz,2,2,2002 Türkiye genel seçimleri | Cumhuriyet Halk Partisi,Page_26 | Page_28
